material,color,type,size_L_in,size_W_in
Quartz,Y96178 Carrara Calacatta  HQTS,Backsplash,108,4
Quartz,Y96178 Carrara Calacatta  HQTS,Countertop,108,26
Quartz,Y96178 Carrara Calacatta  HQTS,Island,108,36
Quartz,Y96178 Carrara Calacatta  HQTS,Island,108,42
Quartz,Y96178 Carrara Calacatta  HQTS,Island,108,52
Quartz,Y9509 Calacatta HQTS,Backsplash,108,4
Quartz,Y9509 Calacatta HQTS,Countertop,108,26
Quartz,Y9509 Calacatta HQTS,Island,108,36
Quartz,Y9509 Calacatta HQTS,Island,108,42
Quartz,Y9509 Calacatta HQTS,Island,108,52
Quartz,Iced White HQTT,Backsplash,108,4
Quartz,Iced White HQTT,Backsplash,108,7
Quartz,Iced White HQTT,Bartop,108,14
Quartz,Iced White HQTT,Bartop,108,16
Quartz,Iced White HQTT,Countertop,96,26
Quartz,Iced White HQTT,Countertop,108,26
Quartz,Iced White HQTT,Countertop,118,26
Quartz,Iced White HQTT,Island,108,28
Quartz,Iced White HQTT,Island,108,32
Quartz,Iced White HQTT,Island,108,36
Quartz,Iced White HQTT,Island,108,39
Quartz,Iced White HQTT,Island,108,42
Quartz,Iced White HQTT,Island,108,52
Quartz,Snow White HQTT,Backsplash,108,4
Quartz,Snow White HQTT,Bartop,108,14
Quartz,Snow White HQTT,Bartop,108,16
Quartz,Snow White HQTT,Countertop,96,26
Quartz,Snow White HQTT,Countertop,108,26
Quartz,Snow White HQTT,Countertop,118,26
Quartz,Snow White HQTT,Island,108,28
Quartz,Snow White HQTT,Island,108,32
Quartz,Snow White HQTT,Island,108,36
Quartz,Snow White HQTT,Island,108,39
Quartz,Snow White HQTT,Island,108,42
Quartz,Snow White HQTT,Island,108,52
Quartz,Sparkling Grey HQTT,Backsplash,108,4
Quartz,Sparkling Grey HQTT,Bartop,108,14
Quartz,Sparkling Grey HQTT,Bartop,108,16
Quartz,Sparkling Grey HQTT,Countertop,96,26
Quartz,Sparkling Grey HQTT,Countertop,108,26
Quartz,Sparkling Grey HQTT,Countertop,118,26
Quartz,Sparkling Grey HQTT,Island,108,28
Quartz,Sparkling Grey HQTT,Island,108,32
Quartz,Sparkling Grey HQTT,Island,108,36
Quartz,Sparkling Grey HQTT,Island,108,39
Quartz,Sparkling Grey HQTT,Island,108,42
Quartz,Sparkling Grey HQTT,Island,108,52
Quartz,Sparkling Black HQTT,Backsplash,108,4
Quartz,Sparkling Black HQTT,Bartop,108,14
Quartz,Sparkling Black HQTT,Bartop,108,16
Quartz,Sparkling Black HQTT,Countertop,96,26
Quartz,Sparkling Black HQTT,Countertop,108,26
Quartz,Sparkling Black HQTT,Countertop,118,26
Quartz,Sparkling Black HQTT,Island,108,28
Quartz,Sparkling Black HQTT,Island,108,32
Quartz,Sparkling Black HQTT,Island,108,36
Quartz,Sparkling Black HQTT,Island,108,39
Quartz,Sparkling Black HQTT,Island,108,42
Quartz,Sparkling Black HQTT,Island,108,52
Quartz,Venatino HQTT,Backsplash,108,4
Quartz,Venatino HQTT,Bartop,108,14
Quartz,Venatino HQTT,Bartop,108,16
Quartz,Venatino HQTT,Countertop,96,26
Quartz,Venatino HQTT,Countertop,108,26
Quartz,Venatino HQTT,Countertop,118,26
Quartz,Venatino HQTT,Island,108,28
Quartz,Venatino HQTT,Island,108,32
Quartz,Venatino HQTT,Island,108,36
Quartz,Venatino HQTT,Island,108,39
Quartz,Venatino HQTT,Island,108,42
Quartz,Venatino HQTT,Island,108,52
Quartz,Concrete Grey HQTT,Backsplash,108,4
Quartz,Concrete Grey HQTT,Bartop,108,14
Quartz,Concrete Grey HQTT,Bartop,108,16
Quartz,Concrete Grey HQTT,Countertop,96,26
Quartz,Concrete Grey HQTT,Countertop,108,26
Quartz,Concrete Grey HQTT,Island,108,28
Quartz,Concrete Grey HQTT,Island,108,32
Quartz,Concrete Grey HQTT,Island,108,36
Quartz,Concrete Grey HQTT,Island,108,39
Quartz,Concrete Grey HQTT,Island,108,42
Quartz,Concrete Grey HQTT,Island,108,52
Quartz,Shangri Grey HQTT,Backsplash,108,4
Quartz,Shangri Grey HQTT,Bartop,108,14
Quartz,Shangri Grey HQTT,Bartop,108,16
Quartz,Shangri Grey HQTT,Countertop,96,26
Quartz,Shangri Grey HQTT,Countertop,108,26
Quartz,Shangri Grey HQTT,Island,108,28
Quartz,Shangri Grey HQTT,Island,108,32
Quartz,Shangri Grey HQTT,Island,108,36
Quartz,Shangri Grey HQTT,Island,108,39
Quartz,Shangri Grey HQTT,Island,108,42
Quartz,Shangri Grey HQTT,Island,108,52
Quartz,Pure White HQTT,Backsplash,108,4
Quartz,Pure White HQTT,Bartop,108,14
Quartz,Pure White HQTT,Bartop,108,16
Quartz,Pure White HQTT,Countertop,96,26
Quartz,Pure White HQTT,Countertop,108,26
Quartz,Pure White HQTT,Countertop,118,26
Quartz,Pure White HQTT,Island,108,28
Quartz,Pure White HQTT,Island,108,32
Quartz,Pure White HQTT,Island,108,36
Quartz,Pure White HQTT,Island,108,39
Quartz,Pure White HQTT,Island,108,42
Quartz,Pure White HQTT,Island,108,52
Quartz,Coffee Bean HQTT,Backsplash,108,4
Quartz,Coffee Bean HQTT,Bartop,108,14
Quartz,Coffee Bean HQTT,Bartop,108,16
Quartz,Coffee Bean HQTT,Countertop,96,26
Quartz,Coffee Bean HQTT,Countertop,108,26
Quartz,Coffee Bean HQTT,Island,108,28
Quartz,Coffee Bean HQTT,Island,108,32
Quartz,Coffee Bean HQTT,Island,108,36
Quartz,Coffee Bean HQTT,Island,108,39
Quartz,Coffee Bean HQTT,Island,108,42
Quartz,Coffee Bean HQTT,Island,108,52
Quartz,Fosmine Light HQTT,Backsplash,108,4
Quartz,Fosmine Light HQTT,Bartop,108,14
Quartz,Fosmine Light HQTT,Bartop,108,16
Quartz,Fosmine Light HQTT,Countertop,108,26
Quartz,Fosmine Light HQTT,Island,108,28
Quartz,Fosmine Light HQTT,Island,108,32
Quartz,Fosmine Light HQTT,Island,108,36
Quartz,Fosmine Light HQTT,Island,108,39
Quartz,Fosmine Light HQTT,Island,108,42
Quartz,Fosmine Light HQTT,Island,108,52
Quartz,New Calacatta Light HQTT,Backsplash,108,4
Quartz,New Calacatta Light HQTT,Bartop,108,14
Quartz,New Calacatta Light HQTT,Bartop,108,16
Quartz,New Calacatta Light HQTT,Countertop,108,26
Quartz,New Calacatta Light HQTT,Island,108,28
Quartz,New Calacatta Light HQTT,Island,108,32
Quartz,New Calacatta Light HQTT,Island,108,36
Quartz,New Calacatta Light HQTT,Island,108,39
Quartz,New Calacatta Light HQTT,Island,108,42
Quartz,New Calacatta Light HQTT,Island,108,52
Quartz,Calacatta Gold HQTT,Backsplash,108,4
Quartz,Calacatta Gold HQTT,Bartop,108,14
Quartz,Calacatta Gold HQTT,Bartop,108,16
Quartz,Calacatta Gold HQTT,Countertop,108,26
Quartz,Calacatta Gold HQTT,Island,108,28
Quartz,Calacatta Gold HQTT,Island,108,32
Quartz,Calacatta Gold HQTT,Island,108,36
Quartz,Calacatta Gold HQTT,Island,108,39
Quartz,Calacatta Gold HQTT,Island,108,42
Quartz,Calacatta Gold HQTT,Island,108,52
Quartz,Calacatta Panda HQTT,Backsplash,108,4
Quartz,Calacatta Panda HQTT,Bartop,108,14
Quartz,Calacatta Panda HQTT,Bartop,108,16
Quartz,Calacatta Panda HQTT,Countertop,108,26
Quartz,Calacatta Panda HQTT,Island,108,28
Quartz,Calacatta Panda HQTT,Island,108,32
Quartz,Calacatta Panda HQTT,Island,108,36
Quartz,Calacatta Panda HQTT,Island,108,39
Quartz,Calacatta Panda HQTT,Island,108,42
Quartz,Calacatta Panda HQTT,Island,108,52
Quartz,Calacatta Florence HQTT,Backsplash,108,4
Quartz,Calacatta Florence HQTT,Bartop,108,14
Quartz,Calacatta Florence HQTT,Bartop,108,16
Quartz,Calacatta Florence HQTT,Countertop ,108,26
Quartz,Calacatta Florence HQTT,Countertop,118,26
Quartz,Calacatta Florence HQTT,Island,108,28
Quartz,Calacatta Florence HQTT,Island,108,32
Quartz,Calacatta Florence HQTT,Island,108,36
Quartz,Calacatta Florence HQTT,Island,108,39
Quartz,Calacatta Florence HQTT,Island,108,42
Quartz,Calacatta Florence HQTT,Island,108,52
Quartz,Bianco Carrara HQCL,Backsplash,108,4
Quartz,Bianco Carrara HQCL,Bartop,108,14
Quartz,Bianco Carrara HQCL,Bartop,108,16
Quartz,Bianco Carrara HQCL,Countertop ,108,26
Quartz,Bianco Carrara HQCL,Island,108,28
Quartz,Bianco Carrara HQCL,Island,108,32
Quartz,Bianco Carrara HQCL,Island,108,36
Quartz,Bianco Carrara HQCL,Island,108,39
Quartz,Bianco Carrara HQCL,Island,108,42
Quartz,Bianco Carrara HQCL,Island,108,52
Quartz,Calacatta 120 HQTT,Backsplash,108,4
Quartz,Calacatta 120 HQTT,Bartop,108,14
Quartz,Calacatta 120 HQTT,Bartop,108,16
Quartz,Calacatta 120 HQTT,Countertop ,108,26
Quartz,Calacatta 120 HQTT,Island,108,28
Quartz,Calacatta 120 HQTT,Island,108,32
Quartz,Calacatta 120 HQTT,Island,108,36
Quartz,Calacatta 120 HQTT,Island,108,39
Quartz,Calacatta 120 HQTT,Island,108,42
Quartz,Calacatta 120 HQTT,Island,108,52
Quartz,Calacatta (luna) HQCL,Backsplash,108,4
Quartz,Calacatta (luna) HQCL,Bartop,108,14
Quartz,Calacatta (luna) HQCL,Bartop,108,16
Quartz,Calacatta (luna) HQCL,Countertop ,108,26
Quartz,Calacatta (luna) HQCL,Island,108,28
Quartz,Calacatta (luna) HQCL,Island,108,32
Quartz,Calacatta (luna) HQCL,Island,108,36
Quartz,Calacatta (luna) HQCL,Island,108,39
Quartz,Calacatta (luna) HQCL,Island,108,42
Quartz,Calacatta (luna) HQCL,Island,108,52
Quartz,Calacatta Dream HQCL,Backsplash,108,4
Quartz,Calacatta Dream HQCL,Bartop,108,14
Quartz,Calacatta Dream HQCL,Bartop,108,16
Quartz,Calacatta Dream HQCL,Countertop ,108,26
Quartz,Calacatta Dream HQCL,Island,108,28
Quartz,Calacatta Dream HQCL,Island,108,32
Quartz,Calacatta Dream HQCL,Island,108,36
Quartz,Calacatta Dream HQCL,Island,108,39
Quartz,Calacatta Dream HQCL,Island,108,42
Quartz,Calacatta Dream HQCL,Island,108,52
Quartz,Calacatta Lasa HQCL,Backsplash,108,4
Quartz,Calacatta Lasa HQCL,Bartop,108,14
Quartz,Calacatta Lasa HQCL,Bartop,108,16
Quartz,Calacatta Lasa HQCL,Countertop ,108,26
Quartz,Calacatta Lasa HQCL,Island,108,28
Quartz,Calacatta Lasa HQCL,Island,108,32
Quartz,Calacatta Lasa HQCL,Island,108,36
Quartz,Calacatta Lasa HQCL,Island,108,39
Quartz,Calacatta Lasa HQCL,Island,108,42
Quartz,Calacatta Lasa HQCL,Island,108,52
Quartz,Calacatta 1019 HQCL,Backsplash,108,4
Quartz,Calacatta 1019 HQCL,Bartop,108,14
Quartz,Calacatta 1019 HQCL,Bartop,108,16
Quartz,Calacatta 1019 HQCL,Countertop ,108,26
Quartz,Calacatta 1019 HQCL,Island,108,28
Quartz,Calacatta 1019 HQCL,Island,108,32
Quartz,Calacatta 1019 HQCL,Island,108,36
Quartz,Calacatta 1019 HQCL,Island,108,39
Quartz,Calacatta 1019 HQCL,Island,108,42
Quartz,Calacatta 1019 HQCL,Island,108,52
Quartz,Calacatta 1210 HQCL,Backsplash,108,4
Quartz,Calacatta 1210 HQCL,Bartop,108,14
Quartz,Calacatta 1210 HQCL,Bartop,108,16
Quartz,Calacatta 1210 HQCL,Countertop ,108,26
Quartz,Calacatta 1210 HQCL,Island,108,28
Quartz,Calacatta 1210 HQCL,Island,108,32
Quartz,Calacatta 1210 HQCL,Island,108,36
Quartz,Calacatta 1210 HQCL,Island,108,39
Quartz,Calacatta 1210 HQCL,Island,108,42
Quartz,Calacatta 1210 HQCL,Island,108,52
Quartz,Calacatta White HQCL,Backsplash,108,4
Quartz,Calacatta White HQCL,Bartop,108,14
Quartz,Calacatta White HQCL,Bartop,108,16
Quartz,Calacatta White HQCL,Countertop ,108,26
Quartz,Calacatta White HQCL,Island,108,28
Quartz,Calacatta White HQCL,Island,108,32
Quartz,Calacatta White HQCL,Island,108,36
Quartz,Calacatta White HQCL,Island,108,39
Quartz,Calacatta White HQCL,Island,108,42
Quartz,Calacatta White HQCL,Island,108,52
Quartz,Calacatta 5171 (venus) HQCL,Backsplash,108,4
Quartz,Calacatta 5171 (venus) HQCL,Bartop,108,14
Quartz,Calacatta 5171 (venus) HQCL,Bartop,108,16
Quartz,Calacatta 5171 (venus) HQCL,Countertop ,108,26
Quartz,Calacatta 5171 (venus) HQCL,Island,108,28
Quartz,Calacatta 5171 (venus) HQCL,Island,108,32
Quartz,Calacatta 5171 (venus) HQCL,Island,108,36
Quartz,Calacatta 5171 (venus) HQCL,Island,108,39
Quartz,Calacatta 5171 (venus) HQCL,Island,108,42
Quartz,Calacatta 5171 (venus) HQCL,Island,108,52
Quartz,Calacatta 5105 HQCL,Backsplash,108,4
Quartz,Calacatta 5105 HQCL,Bartop,108,14
Quartz,Calacatta 5105 HQCL,Bartop,108,16
Quartz,Calacatta 5105 HQCL,Countertop ,108,26
Quartz,Calacatta 5105 HQCL,Island,108,28
Quartz,Calacatta 5105 HQCL,Island,108,32
Quartz,Calacatta 5105 HQCL,Island,108,36
Quartz,Calacatta 5105 HQCL,Island,108,39
Quartz,Calacatta 5105 HQCL,Island,108,42
Quartz,Calacatta 5105 HQCL,Island,108,52
Quartz,Calacatta 126 (vigas) HQCL,Backsplash,108,4
Quartz,Calacatta 126 (vigas) HQCL,Bartop,108,14
Quartz,Calacatta 126 (vigas) HQCL,Bartop,108,16
Quartz,Calacatta 126 (vigas) HQCL,Countertop ,108,26
Quartz,Calacatta 126 (vigas) HQCL,Island,108,28
Quartz,Calacatta 126 (vigas) HQCL,Island,108,32
Quartz,Calacatta 126 (vigas) HQCL,Island,108,36
Quartz,Calacatta 126 (vigas) HQCL,Island,108,39
Quartz,Calacatta 126 (vigas) HQCL,Island,108,42
Quartz,Calacatta 126 (vigas) HQCL,Island,108,52
Quartz,Calacatta Danube CSQ289 HQCL,Backsplash,108,4
Quartz,Calacatta Danube CSQ289 HQCL,Bartop,108,14
Quartz,Calacatta Danube CSQ289 HQCL,Bartop,108,16
Quartz,Calacatta Danube CSQ289 HQCL,Countertop ,108,26
Quartz,Calacatta Danube CSQ289 HQCL,Island,108,28
Quartz,Calacatta Danube CSQ289 HQCL,Island,108,32
Quartz,Calacatta Danube CSQ289 HQCL,Island,108,36
Quartz,Calacatta Danube CSQ289 HQCL,Island,108,39
Quartz,Calacatta Danube CSQ289 HQCL,Island,108,42
Quartz,Calacatta Danube CSQ289 HQCL,Island,108,52
Quartz,Calacatta Flash #130 HQCL,Backsplash,108,4
Quartz,Calacatta Flash #130 HQCL,Bartop,108,14
Quartz,Calacatta Flash #130 HQCL,Bartop,108,16
Quartz,Calacatta Flash #130 HQCL,Countertop ,108,26
Quartz,Calacatta Flash #130 HQCL,Island,108,28
Quartz,Calacatta Flash #130 HQCL,Island,108,32
Quartz,Calacatta Flash #130 HQCL,Island,108,36
Quartz,Calacatta Flash #130 HQCL,Island,108,39
Quartz,Calacatta Flash #130 HQCL,Island,108,42
Quartz,Calacatta Flash #130 HQCL,Island,108,52
Quartz,Calacatta P21 HQCL,Backsplash,108,4
Quartz,Calacatta P21 HQCL,Bartop,108,14
Quartz,Calacatta P21 HQCL,Bartop,108,16
Quartz,Calacatta P21 HQCL,Countertop ,108,26
Quartz,Calacatta P21 HQCL,Island,108,28
Quartz,Calacatta P21 HQCL,Island,108,32
Quartz,Calacatta P21 HQCL,Island,108,36
Quartz,Calacatta P21 HQCL,Island,108,39
Quartz,Calacatta P21 HQCL,Island,108,42
Quartz,Calacatta P21 HQCL,Island,108,52
Quartz,Crystal Sand (Golden Coast) HQMS,Backsplash,108,4
Quartz,Crystal Sand (Golden Coast) HQMS,Bartop,108,14
Quartz,Crystal Sand (Golden Coast) HQMS,Bartop,108,16
Quartz,Crystal Sand (Golden Coast) HQMS,Countertop ,108,26
Quartz,Crystal Sand (Golden Coast) HQMS,Island,108,28
Quartz,Crystal Sand (Golden Coast) HQMS,Island,108,32
Quartz,Crystal Sand (Golden Coast) HQMS,Island,108,36
Quartz,Crystal Sand (Golden Coast) HQMS,Island,108,39
Quartz,Classic Calacatta HQHE,Backsplash,108,4
Quartz,Classic Calacatta HQHE,Bartop,108,14
Quartz,Classic Calacatta HQHE,Countertop ,108,26
Quartz,Classic Calacatta HQHE,Island,108,36
Quartz,Classic Calacatta HQHE,Island,108,42
Quartz,Classic Calacatta HQHE,Island,108,52
Quartz,Blue Dunes HQHE,Backsplash,108,4
Quartz,Blue Dunes HQHE,Bartop,108,14
Quartz,Blue Dunes HQHE,Countertop ,108,26
Quartz,Blue Dunes HQHE,Island,108,36
Quartz,Blue Dunes HQHE,Island,108,42
Quartz,Blue Dunes HQHE,Island,108,52
Quartz,Wilsonart HQHE,Backsplash,108,4
Quartz,Wilsonart HQHE,Bartop,108,14
Quartz,Wilsonart HQHE,Countertop ,108,26
Quartz,Wilsonart HQHE,Island,108,36
Quartz,Wilsonart HQHE,Island,108,42
Quartz,Wilsonart HQHE,Island,108,52
Quartz,Fantasy HQHE,Backsplash,108,4
Quartz,Fantasy HQHE,Bartop,108,14
Quartz,Fantasy HQHE,Countertop ,108,26
Quartz,Fantasy HQHE,Island,108,36
Quartz,Fantasy HQHE,Island,108,42
Quartz,Fantasy HQHE,Island,108,52
Quartz,Black Panda HQHE,Backsplash,108,4
Quartz,Black Panda HQHE,Bartop,108,14
Quartz,Black Panda HQHE,Countertop ,108,26
Quartz,Black Panda HQHE,Island,108,36
Quartz,Black Panda HQHE,Island,108,42
Quartz,Black Panda HQHE,Island,108,52
Quartz,Bianco Palermo HQES,Backsplash,108,4
Quartz,Bianco Palermo HQES,Countertop ,108,26
Quartz,Bianco Palermo HQES,Island,108,39
Quartz,Bianco Palermo HQES,Island,108,42
Quartz,Calacatta 501 HQES,Countertop ,108,26
Quartz,Calacatta Cervo HQES,Backsplash,108,4
Quartz,Calacatta Cervo HQES,Countertop ,108,26
Quartz,Calacatta Cervo HQES,Island,108,39
Quartz,Calacatta Cervo HQES,Island,108,42
Quartz,Calacatta Eternal HQES,Backsplash,108,4
Quartz,Calacatta Eternal HQES,Countertop ,108,26
Quartz,Calacatta Eternal HQES,Island,108,39
Quartz,Calacatta Eternal HQES,Island,108,42
Quartz,Calacatta Luca HQES,Backsplash,108,4
Quartz,Calacatta Luca HQES,Countertop ,108,26
Quartz,Calacatta Luca HQES,Island,108,39
Quartz,Calacatta Luca HQES,Island,108,42
Quartz,Coral Luster HQES,Backsplash,108,4
Quartz,Coral Luster HQES,Countertop ,108,26
Quartz,Coral Mystic HQES,Backsplash,108,4
Quartz,Coral Mystic HQES,Countertop ,108,26
Quartz,Corn Silk HQES,Backsplash,108,4
Quartz,Corn Silk HQES,Countertop ,108,26
Quartz,Corn Silk HQES,Island ,108,36
Quartz,Corn Silk HQES,Island,108,39
Quartz,Corn Silk HQES,Island,108,42
Quartz,Manarola HQES,Backsplash,108,4
Quartz,Manarola HQES,Countertop ,108,26
Quartz,Manarola HQES,Island,108,39
Quartz,Manarola HQES,Island,108,42
Quartz,Metallic Brown HQES,Backsplash,108,4
Quartz,Metallic Brown HQES,Countertop ,108,26
Quartz,Pietra Grey HQES,Backsplash,108,4
Quartz,Pietra Grey HQES,Countertop ,108,26
Quartz,Pietra Grey HQES,Island,108,39
Quartz,Pietra Grey HQES,Island,108,42
Quartz,St Tropez HQES,Backsplash,108,4
Quartz,St Tropez HQES,Countertop ,108,26
Quartz,St Tropez HQES,Island,108,39
Quartz,St Tropez HQES,Island,108,42
Quartz,Statuario Tesoro HQES,Backsplash,108,4
Quartz,Statuario Tesoro HQES,Countertop ,108,26
Quartz,Statuario Tesoro HQES,Island,108,39
Quartz,Statuario Tesoro HQES,Island,108,42
Quartz,Statuario Cervati HQES,Backsplash,108,4
Quartz,Statuario Cervati HQES,Countertop ,108,26
Quartz,Statuario Cervati HQES,Island,108,39
Quartz,Statuario Cervati HQES,Island,108,42
Quartz,Statuario 6815 HES,Backsplash,108,4
Quartz,Statuario 6815 HES,Countertop ,108,26
Quartz,Statuario 6815 HES,Island,108,42
Quartz,Statuario 8519 HQES,Backsplash,108,4
Quartz,Statuario 8519 HQES,Countertop ,108,26
Quartz,Statuario 8519 HQES,Island,108,39
Quartz,Taj Mahal 119 HQES,Backsplash,108,4
Quartz,Taj Mahal 119 HQES,Countertop ,108,26
Quartz,Taj Mahal 119 HQES,Island,108,42
Quartz,Volcano White HQES,Backsplash,108,4
Quartz,Volcano White HQES,Countertop ,108,26
Quartz,Volcano White HQES,Island,108,39
Quartz,Volcano White HQES,Island,108,42
Quartz,Mont Blanc 9927 HQES,Backsplash,108,4
Quartz,Mont Blanc 9927 HQES,Countertop ,108,26
Quartz,Mont Blanc 9927 HQES,Island,108,42
Quartz,Luna Aspect HQES,Backsplash,108,4
Quartz,Luna Aspect HQES,Countertop ,108,26
Quartz,Metallic Charcoal HQES,Backsplash,108,4
Quartz,Metallic Charcoal HQES,Countertop ,108,26
